Site, Amino Acid, RMSD_between, RMSD_within, RMSD_corrected, Significant by Randomization, Significant by Simulation, PR/1934 Preferences, Aichi/1968 Preferences
2, conserved (A), 0.296, 0.275, 0.020, , , A (0.60); V (0.18), A (0.72)
3, conserved (S), 0.653, 0.619, 0.034, , , F (0.22); T (0.16); H (0.15), L (0.13); A (0.12); Y (0.11)
4, conserved (Q), 0.622, 0.578, 0.044, , , F (0.27); S (0.20); P (0.13), F (0.16); Y (0.14); N (0.13)
5, conserved (G), 0.567, 0.543, 0.024, , , G (0.39); R (0.12); C (0.12), G (0.25); R (0.18); A (0.12)
6, conserved (T), 0.336, 0.304, 0.033, , , T (0.66), T (0.80)
7, conserved (K), 0.175, 0.148, 0.027, , , K (0.80), K (0.75)
8, conserved (R), 0.233, 0.193, 0.040, , , R (0.80), R (0.72)
9, conserved (S), 0.655, 0.618, 0.037, , , A (0.21); H (0.18); S (0.14), S (0.27); N (0.13); A (0.12)
10, conserved (Y), 0.617, 0.598, 0.019, , , H (0.31); Y (0.27); P (0.07), Y (0.17); H (0.12); I (0.09)
11, conserved (E), 0.446, 0.439, 0.006, , , E (0.50); W (0.09); T (0.06), E (0.37); D (0.07); G (0.06)
12, conserved (Q), 0.639, 0.576, 0.063, , , H (0.21); Q (0.17); S (0.14), K (0.21); R (0.11); H (0.11)
13, conserved (M), 0.529, 0.506, 0.023, , , M (0.48); T (0.22), M (0.55); D (0.08); K (0.04)
14, conserved (E), 0.540, 0.511, 0.029, , , E (0.53); D (0.19), E (0.28); R (0.23); K (0.08)
15, conserved (T), 0.680, 0.599, 0.081, , *, C (0.47); T (0.16); M (0.13), T (0.32); L (0.12); I (0.11)
16, conserved (D), 0.487, 0.499, -0.012, , , D (0.48); E (0.16); W (0.07), D (0.44); G (0.09); E (0.06)
17, conserved (G), 0.657, 0.666, -0.009, , , G (0.29); R (0.28); P (0.11), G (0.24); C (0.11); P (0.10)
18, conserved (E), 0.526, 0.544, -0.018, , , E (0.24); A (0.11); I (0.10), E (0.16); V (0.12); D (0.10)
19, conserved (R), 0.407, 0.359, 0.048, , , R (0.45); H (0.13); S (0.07), R (0.56); K (0.07); F (0.05)
20, conserved (Q), 0.484, 0.458, 0.027, , , Q (0.46); C (0.07); S (0.05), Q (0.43); P (0.28)
21, conserved (N), 0.703, 0.699, 0.004, , , S (0.24); N (0.22); W (0.09), T (0.13); N (0.12); S (0.12)
22, conserved (A), 0.644, 0.599, 0.046, , , G (0.28); A (0.17); S (0.09), R (0.24); A (0.15); V (0.13)
23, conserved (T), 0.598, 0.567, 0.031, , , T (0.22); Q (0.10); F (0.07), H (0.18); S (0.15); T (0.10)
24, conserved (E), 0.700, 0.629, 0.070, , , L (0.31); E (0.11); F (0.10), E (0.28); Q (0.16); V (0.07)
25, conserved (I), 0.659, 0.597, 0.062, , , I (0.52); T (0.11); V (0.10), I (0.33); Q (0.10); M (0.08)
26, conserved (R), 0.552, 0.591, -0.039, , , R (0.41); K (0.22); F (0.12), R (0.42); K (0.10); S (0.09)
27, conserved (A), 0.658, 0.660, -0.002, , , A (0.19); Y (0.17); I (0.12), K (0.16); A (0.15); R (0.10)
28, conserved (S), 0.609, 0.600, 0.009, , , S (0.24); Q (0.12); Y (0.09), N (0.24); S (0.16); K (0.11)
29, conserved (V), 0.463, 0.461, 0.003, , , V (0.46); C (0.12); I (0.10), V (0.33); I (0.26); A (0.05)
30, conserved (G), 0.582, 0.461, 0.122, , *, G (0.60); I (0.04); E (0.04), G (0.25); N (0.23); Q (0.12)
31, conserved (K), 0.589, 0.592, -0.003, , , K (0.16); A (0.14); R (0.14), K (0.31); R (0.13); E (0.07)
32, conserved (M), 0.540, 0.455, 0.085, , *, M (0.57); F (0.08), M (0.42); N (0.12); S (0.06)
33, conserved (I), 0.547, 0.564, -0.017, , , I (0.35); C (0.18); T (0.08), I (0.26); L (0.10); M (0.09)
34, variable (G / D), 0.610, 0.562, 0.047, , , G (0.20); A (0.17); H (0.10), E (0.13); A (0.09); D (0.09)
35, conserved (G), 0.456, 0.410, 0.046, , , G (0.45); W (0.08); E (0.05), G (0.35); S (0.12); A (0.06)
36, conserved (I), 0.563, 0.482, 0.081, , *, I (0.38); L (0.11); M (0.11), I (0.25); F (0.09); M (0.09)
37, conserved (G), 0.486, 0.462, 0.024, , , G (0.42); A (0.07); H (0.06), G (0.32); E (0.08); S (0.08)
38, conserved (R), 0.483, 0.498, -0.015, , , R (0.27); M (0.13); G (0.10), R (0.28); H (0.06); L (0.06)
39, conserved (F), 0.610, 0.600, 0.011, , , F (0.28); W (0.26); V (0.11), F (0.17); M (0.15); C (0.13)
40, conserved (Y), 0.515, 0.524, -0.009, , , H (0.33); Y (0.32); M (0.09), Y (0.35); H (0.16); R (0.05)
41, conserved (I), 0.636, 0.652, -0.017, , , L (0.22); Y (0.19); S (0.11), I (0.10); T (0.09); L (0.09)
42, conserved (Q), 0.388, 0.381, 0.007, , , Q (0.53); T (0.10); M (0.04), Q (0.42); K (0.06); G (0.05)
43, conserved (M), 0.488, 0.427, 0.061, , , M (0.49); F (0.09); I (0.06), M (0.24); N (0.21); V (0.05)
44, conserved (C), 0.561, 0.576, -0.015, , , C (0.25); S (0.14); I (0.07), C (0.15); K (0.13); V (0.10)
45, conserved (T), 0.509, 0.441, 0.067, , , T (0.50); M (0.06); E (0.05), T (0.25); V (0.14); S (0.09)
46, conserved (E), 0.526, 0.459, 0.067, , , E (0.54); L (0.07); H (0.07), E (0.31); P (0.08); T (0.06)
47, conserved (L), 0.610, 0.600, 0.009, , , L (0.23); I (0.23); M (0.12), L (0.26); C (0.09); V (0.07)
48, conserved (K), 0.554, 0.564, -0.009, , , K (0.29); S (0.10); T (0.08), K (0.20); G (0.12); Q (0.08)
49, conserved (L), 0.579, 0.483, 0.097, , *, L (0.47); V (0.14); M (0.08), L (0.25); F (0.08); I (0.07)
50, conserved (S), 0.638, 0.656, -0.018, , , G (0.24); S (0.13); Q (0.12), A (0.16); G (0.12); Q (0.09)
51, conserved (D), 0.621, 0.591, 0.030, , , P (0.20); I (0.16); D (0.15), N (0.21); T (0.12); D (0.09)
52, conserved (Y), 0.667, 0.648, 0.018, , , K (0.18); N (0.14); Y (0.13), T (0.23); Y (0.14); A (0.11)
53, conserved (E), 0.544, 0.466, 0.078, , *, E (0.60); A (0.10), E (0.32); A (0.07); Y (0.07)
54, conserved (G), 0.497, 0.478, 0.018, , , S (0.27); G (0.22); E (0.07), G (0.25); A (0.14); S (0.09)
55, conserved (R), 0.619, 0.660, -0.041, , , K (0.36); R (0.21); L (0.06), R (0.26); K (0.14); H (0.09)
56, conserved (L), 0.594, 0.504, 0.089, , *, L (0.49); I (0.13); F (0.05), L (0.20); N (0.12); T (0.09)
57, conserved (I), 0.550, 0.520, 0.030, , , I (0.42); V (0.14); C (0.10), I (0.22); L (0.21); V (0.15)
58, conserved (Q), 0.490, 0.464, 0.025, , , Q (0.45); N (0.29), Q (0.39); N (0.09); H (0.05)
59, conserved (N), 0.480, 0.354, 0.126, , *, N (0.67), N (0.39); G (0.08); D (0.06)
60, conserved (S), 0.454, 0.427, 0.027, , , S (0.43); C (0.15); T (0.09), S (0.28); T (0.09); G (0.08)
61, conserved (L), 0.646, 0.594, 0.052, , , I (0.26); L (0.22); T (0.19), V (0.22); L (0.15); I (0.09)
62, conserved (T), 0.568, 0.509, 0.059, , , T (0.37); G (0.14); N (0.06), S (0.24); T (0.21); N (0.16)
63, conserved (I), 0.587, 0.552, 0.035, , , I (0.47); F (0.13); L (0.10), I (0.20); D (0.14); A (0.09)
64, conserved (E), 0.439, 0.364, 0.075, , , E (0.58); H (0.08), E (0.34); I (0.05); L (0.05)
65, conserved (R), 0.413, 0.408, 0.005, , , R (0.49); N (0.09); K (0.07), R (0.40); K (0.08); N (0.06)
66, conserved (M), 0.465, 0.441, 0.024, , , M (0.37); V (0.15); L (0.09), M (0.32); F (0.07); G (0.04)
67, conserved (V), 0.420, 0.406, 0.014, , , V (0.30); S (0.10); I (0.09), V (0.19); I (0.15); N (0.08)
68, conserved (L), 0.567, 0.574, -0.007, , , I (0.31); L (0.30); G (0.05), L (0.23); I (0.10); N (0.09)
69, conserved (S), 0.418, 0.403, 0.016, , , S (0.45); A (0.10); Y (0.09), S (0.39); G (0.10); A (0.06)
70, conserved (A), 0.469, 0.476, -0.007, , , A (0.39); S (0.11); C (0.11), A (0.27); S (0.15); T (0.13)
71, conserved (F), 0.522, 0.482, 0.041, , , F (0.40); K (0.09); S (0.08), F (0.22); Y (0.17); W (0.11)
72, conserved (D), 0.419, 0.360, 0.058, , , D (0.49); H (0.08); A (0.08), D (0.44); W (0.05); E (0.05)
73, conserved (E), 0.683, 0.599, 0.084, , *, E (0.24); A (0.20); M (0.10), L (0.13); T (0.10); V (0.09)
74, conserved (R), 0.535, 0.551, -0.016, , , R (0.30); Y (0.14); A (0.13), R (0.27); K (0.15); L (0.05)
75, conserved (R), 0.415, 0.369, 0.047, , , R (0.55); K (0.04); S (0.04), R (0.43); K (0.11); I (0.06)
76, conserved (N), 0.646, 0.601, 0.045, , , N (0.24); A (0.17); S (0.12), W (0.18); N (0.13); V (0.12)
77, conserved (K), 0.657, 0.634, 0.023, , , V (0.21); A (0.18); K (0.15), R (0.16); C (0.12); H (0.09)
78, conserved (Y), 0.502, 0.397, 0.105, , *, Y (0.60); F (0.06), Y (0.27); H (0.21); F (0.18)
79, conserved (L), 0.394, 0.397, -0.004, , , L (0.54); Q (0.06); H (0.04), L (0.43); I (0.07); M (0.05)
80, conserved (E), 0.600, 0.462, 0.138, *, *, S (0.31); C (0.10); G (0.10), E (0.23); S (0.07); I (0.06)
81, conserved (E), 0.607, 0.511, 0.096, , *, Y (0.40); E (0.18); D (0.07), E (0.24); V (0.10); D (0.06)
82, conserved (H), 0.557, 0.471, 0.087, , *, H (0.23); T (0.13); A (0.10), Q (0.17); F (0.15); Y (0.11)
83, conserved (P), 0.589, 0.516, 0.072, , , P (0.33); W (0.08); K (0.08), Q (0.22); P (0.13); G (0.08)
84, conserved (S), 0.579, 0.559, 0.020, , , S (0.24); N (0.19); A (0.11), A (0.18); N (0.12); M (0.11)
85, conserved (A), 0.635, 0.642, -0.007, , , A (0.22); R (0.19); G (0.13), A (0.10); Y (0.09); T (0.09)
86, conserved (G), 0.634, 0.566, 0.068, , , G (0.28); F (0.10); Q (0.08), H (0.19); N (0.16); G (0.10)
87, conserved (K), 0.286, 0.271, 0.014, , , K (0.58); R (0.08), K (0.59); M (0.04); R (0.04)
88, conserved (D), 0.607, 0.535, 0.072, , , D (0.46); S (0.17); C (0.09), N (0.45); D (0.17); C (0.15)
89, conserved (P), 0.584, 0.492, 0.092, , *, G (0.25); P (0.20); H (0.15), A (0.16); P (0.15); C (0.11)
90, conserved (K), 0.641, 0.613, 0.028, , , T (0.20); V (0.18); I (0.17), T (0.12); K (0.12); R (0.10)
91, conserved (K), 0.347, 0.329, 0.017, , , K (0.57); R (0.17), K (0.38); R (0.35)
92, conserved (T), 0.327, 0.261, 0.066, , , T (0.58); N (0.10), T (0.45); N (0.08); G (0.04)
93, conserved (G), 0.378, 0.306, 0.072, , , G (0.68), G (0.48); Q (0.05); P (0.04)
94, conserved (G), 0.354, 0.287, 0.067, , , G (0.63); E (0.05), G (0.44); D (0.05); I (0.04)
95, conserved (P), 0.662, 0.668, -0.006, , , M (0.32); P (0.26); H (0.07), P (0.22); A (0.15); E (0.09)
96, conserved (I), 0.445, 0.435, 0.010, , , I (0.39); L (0.14); C (0.08), I (0.25); V (0.18); L (0.13)
97, conserved (Y), 0.638, 0.603, 0.035, , , Y (0.25); C (0.21); H (0.16), Y (0.35); K (0.09); F (0.07)
98, variable (R / K), 0.595, 0.538, 0.057, , , R (0.33); H (0.14); Q (0.14), K (0.21); R (0.13); M (0.11)
99, conserved (R), 0.434, 0.398, 0.035, , , R (0.50); C (0.07); K (0.07), R (0.31); K (0.13); A (0.06)
100, conserved (V), 0.602, 0.609, -0.007, , , V (0.17); S (0.12); P (0.11), A (0.09); Y (0.08); M (0.08)
101, variable (N / D), 0.641, 0.559, 0.082, , *, G (0.18); C (0.11); Q (0.09), D (0.26); P (0.09); T (0.08)
102, variable (G / R), 0.651, 0.572, 0.079, , *, S (0.23); F (0.14); G (0.14), R (0.18); W (0.10); L (0.08)
103, conserved (K), 0.524, 0.504, 0.020, , , K (0.21); N (0.15); R (0.13), V (0.16); K (0.16); R (0.09)
104, conserved (W), 0.464, 0.463, 0.000, , , W (0.46); F (0.10); N (0.07), W (0.37); F (0.12); C (0.06)
105, conserved (M), 0.630, 0.618, 0.013, , , M (0.28); I (0.17); G (0.11), M (0.13); F (0.09); L (0.08)
106, conserved (R), 0.446, 0.443, 0.003, , , R (0.37); H (0.14); C (0.08), R (0.39); K (0.08); N (0.05)
107, conserved (E), 0.466, 0.452, 0.014, , , E (0.32); N (0.14); Q (0.05), E (0.30); D (0.18); H (0.07)
108, conserved (L), 0.502, 0.504, -0.002, , , L (0.24); S (0.17); H (0.12), L (0.27); P (0.09); C (0.09)
109, variable (I / V), 0.662, 0.612, 0.050, , , I (0.21); N (0.18); H (0.11), C (0.18); V (0.17); Q (0.10)
110, conserved (L), 0.433, 0.419, 0.014, , , L (0.28); V (0.15); I (0.11), L (0.40); I (0.12); T (0.06)
111, conserved (Y), 0.627, 0.510, 0.117, , *, Y (0.33); L (0.14); D (0.05), T (0.22); I (0.12); F (0.10)
112, conserved (D), 0.452, 0.408, 0.043, , , D (0.42); A (0.11); N (0.05), D (0.24); N (0.12); E (0.07)
113, conserved (K), 0.343, 0.335, 0.008, , , K (0.51); R (0.15), K (0.52); Q (0.05); H (0.04)
114, conserved (E), 0.554, 0.556, -0.001, , , E (0.23); Y (0.09); P (0.08), E (0.18); F (0.15); W (0.07)
115, conserved (E), 0.416, 0.389, 0.027, , , E (0.50); D (0.15); W (0.08), E (0.41); D (0.06); G (0.05)
116, conserved (I), 0.546, 0.423, 0.123, , *, I (0.51); C (0.12); L (0.11), I (0.27); V (0.27); C (0.09)
117, conserved (R), 0.631, 0.638, -0.007, , , S (0.18); Y (0.10); L (0.10), R (0.18); Q (0.16); M (0.08)
118, conserved (R), 0.615, 0.602, 0.013, , , R (0.21); K (0.16); M (0.13), R (0.28); K (0.12); C (0.08)
119, conserved (I), 0.475, 0.429, 0.046, , , I (0.36); T (0.20); L (0.07), I (0.23); C (0.15); V (0.08)
120, conserved (W), 0.422, 0.345, 0.077, , *, W (0.64); S (0.04), W (0.39); Y (0.09); F (0.04)
121, conserved (R), 0.592, 0.611, -0.019, , , R (0.23); C (0.22); K (0.13), R (0.20); Y (0.08); L (0.08)
122, conserved (Q), 0.636, 0.638, -0.003, , , Q (0.26); C (0.19); M (0.08), V (0.20); I (0.14); Q (0.11)
123, conserved (A), 0.430, 0.427, 0.002, , , A (0.45); V (0.10); G (0.08), A (0.29); G (0.12); S (0.11)
124, conserved (N), 0.487, 0.471, 0.016, , , N (0.44); F (0.08); H (0.07), N (0.27); H (0.07); S (0.06)
125, conserved (N), 0.576, 0.599, -0.023, , , V (0.21); N (0.11); C (0.11), N (0.15); C (0.09); L (0.09)
126, conserved (G), 0.519, 0.523, -0.004, , , G (0.20); A (0.15); Q (0.08), G (0.16); L (0.15); A (0.07)
127, conserved (D), 0.589, 0.615, -0.026, , , Y (0.16); D (0.11); M (0.08), V (0.11); L (0.09); Q (0.08)
128, conserved (D), 0.658, 0.654, 0.004, , , V (0.15); D (0.13); C (0.13), N (0.11); H (0.10); A (0.09)
129, conserved (A), 0.566, 0.549, 0.017, , , V (0.21); A (0.14); T (0.10), A (0.15); G (0.13); M (0.11)
130, conserved (T), 0.601, 0.558, 0.042, , , P (0.22); T (0.21); Q (0.11), T (0.16); K (0.13); V (0.11)
131, conserved (A), 0.656, 0.628, 0.029, , , C (0.18); A (0.15); Q (0.14), P (0.29); A (0.18); S (0.10)
132, conserved (G), 0.446, 0.399, 0.048, , , G (0.56); S (0.10), G (0.38); I (0.09); S (0.07)
133, conserved (L), 0.621, 0.539, 0.082, , *, L (0.29); K (0.25); Q (0.10), I (0.29); L (0.29); D (0.05)
134, conserved (T), 0.647, 0.543, 0.104, , *, C (0.43); S (0.18); T (0.10), T (0.36); S (0.13); V (0.08)
135, conserved (H), 0.538, 0.487, 0.051, , , H (0.26); A (0.22); C (0.12), H (0.40); M (0.06); W (0.05)
136, conserved (M), 0.565, 0.599, -0.033, , , M (0.21); V (0.21); I (0.13), I (0.23); M (0.19); L (0.13)
137, conserved (M), 0.426, 0.427, -0.001, , , M (0.43); L (0.15); I (0.07), M (0.44); K (0.06); I (0.05)
138, conserved (I), 0.417, 0.413, 0.005, , , I (0.43); L (0.21); V (0.05), I (0.45); L (0.08); M (0.06)
139, conserved (W), 0.417, 0.387, 0.030, , , W (0.55); S (0.05); L (0.05), W (0.38); F (0.07); L (0.06)
140, conserved (H), 0.559, 0.520, 0.039, , , V (0.17); L (0.15); H (0.15), H (0.31); Q (0.11); E (0.06)
141, conserved (S), 0.499, 0.479, 0.020, , , S (0.25); A (0.20); C (0.13), S (0.36); A (0.08); G (0.08)
142, conserved (N), 0.477, 0.426, 0.051, , , N (0.32); G (0.22); H (0.07), N (0.41); S (0.04); H (0.04)
143, conserved (L), 0.484, 0.460, 0.024, , , L (0.44); T (0.11); V (0.08), L (0.37); I (0.08); C (0.06)
144, conserved (N), 0.549, 0.528, 0.021, , , G (0.18); N (0.16); L (0.10), N (0.36); M (0.08); V (0.07)
145, conserved (D), 0.365, 0.314, 0.050, , , D (0.61); V (0.05), D (0.45); E (0.05); H (0.05)
146, variable (A / T), 0.567, 0.535, 0.032, , , A (0.27); T (0.26); S (0.08), S (0.31); T (0.20); A (0.13)
147, conserved (T), 0.446, 0.450, -0.004, , , T (0.38); V (0.11); Q (0.11), T (0.39); I (0.07); C (0.05)
148, conserved (Y), 0.293, 0.195, 0.098, , *, Y (0.67), Y (0.53); I (0.06); N (0.04)
149, conserved (Q), 0.330, 0.336, -0.006, , , Q (0.53); R (0.05); A (0.04), Q (0.51); R (0.05); S (0.04)
150, conserved (R), 0.350, 0.308, 0.042, , , R (0.58); Y (0.06); T (0.04), R (0.44); W (0.05); G (0.05)
151, conserved (T), 0.378, 0.381, -0.003, , , T (0.51); S (0.14), T (0.44); S (0.09); A (0.07)
152, conserved (R), 0.340, 0.310, 0.030, , , R (0.69), R (0.54); K (0.07); Q (0.04)
153, conserved (A), 0.470, 0.365, 0.104, , *, A (0.31); S (0.29); T (0.10), A (0.45); T (0.05); S (0.05)
154, conserved (L), 0.464, 0.367, 0.097, , *, L (0.60); I (0.08), I (0.32); L (0.29); V (0.09)
155, conserved (V), 0.432, 0.421, 0.011, , , V (0.48); I (0.19), V (0.36); S (0.09); I (0.08)
156, conserved (R), 0.338, 0.295, 0.043, , , R (0.67), R (0.52); Q (0.05); V (0.04)
157, conserved (T), 0.600, 0.599, 0.001, , , V (0.24); T (0.17); C (0.17), T (0.16); V (0.15); S (0.15)
158, conserved (G), 0.500, 0.475, 0.025, , , G (0.32); S (0.29); D (0.06), G (0.33); M (0.07); S (0.07)
159, conserved (M), 0.391, 0.382, 0.009, , , M (0.49); I (0.18), M (0.40); L (0.24); I (0.05)
160, conserved (D), 0.396, 0.362, 0.034, , , D (0.62); A (0.08), D (0.44); E (0.07); C (0.06)
161, conserved (P), 0.508, 0.450, 0.058, , , P (0.34); T (0.14); A (0.12), A (0.22); P (0.21); S (0.20)
162, conserved (R), 0.368, 0.333, 0.035, , , R (0.60); C (0.05), R (0.47); K (0.05); V (0.05)
163, conserved (M), 0.561, 0.579, -0.018, , , M (0.22); F (0.20); L (0.11), M (0.19); T (0.13); I (0.12)
164, conserved (C), 0.632, 0.561, 0.071, , , C (0.25); N (0.16); Q (0.12), A (0.29); C (0.15); M (0.11)
165, conserved (S), 0.468, 0.364, 0.103, , *, S (0.46); N (0.16); P (0.11), S (0.24); N (0.20); A (0.14)
166, conserved (L), 0.559, 0.516, 0.043, , , L (0.26); S (0.23); I (0.10), L (0.28); M (0.17); Q (0.14)
167, conserved (M), 0.396, 0.357, 0.039, , , M (0.61); F (0.04), M (0.40); L (0.18); I (0.05)
168, conserved (Q), 0.533, 0.496, 0.037, , , S (0.42); Q (0.19); A (0.08), Q (0.34); A (0.15); S (0.11)
169, conserved (G), 0.456, 0.447, 0.009, , , G (0.44); C (0.11); H (0.10), G (0.44); A (0.06); E (0.05)
170, conserved (S), 0.349, 0.365, -0.016, , , S (0.54); T (0.05); D (0.04), S (0.48); N (0.05); G (0.05)
171, conserved (T), 0.537, 0.489, 0.048, , , T (0.28); S (0.18); C (0.13), T (0.36); C (0.14); M (0.08)
172, conserved (L), 0.459, 0.442, 0.017, , , L (0.54); I (0.05); A (0.05), L (0.35); I (0.13); Q (0.07)
173, conserved (P), 0.462, 0.485, -0.024, , , P (0.36); Q (0.15); S (0.11), P (0.31); Q (0.14); A (0.09)
174, conserved (R), 0.331, 0.316, 0.015, , , R (0.65); K (0.06), R (0.54); N (0.04); T (0.04)
175, conserved (R), 0.439, 0.434, 0.005, , , R (0.38); M (0.18); K (0.13), K (0.34); R (0.34)
176, conserved (S), 0.538, 0.445, 0.093, , *, S (0.28); C (0.23); T (0.15), S (0.40); A (0.16); G (0.08)
177, conserved (G), 0.339, 0.342, -0.003, , , G (0.57); A (0.08), G (0.52); M (0.05); F (0.04)
178, conserved (A), 0.490, 0.480, 0.009, , , A (0.30); S (0.11); G (0.10), A (0.23); N (0.09); L (0.08)
179, conserved (A), 0.352, 0.358, -0.006, , , A (0.50); C (0.08); S (0.05), A (0.48); S (0.05); E (0.05)
180, conserved (G), 0.288, 0.283, 0.006, , , G (0.65), G (0.52); F (0.04); D (0.04)
181, conserved (A), 0.561, 0.560, 0.001, , , A (0.25); S (0.16); N (0.10), A (0.17); Q (0.15); F (0.10)
182, conserved (A), 0.566, 0.548, 0.018, , , C (0.22); A (0.22); G (0.10), A (0.35); N (0.12); H (0.10)
183, conserved (V), 0.460, 0.422, 0.037, , , V (0.28); A (0.14); I (0.13), V (0.36); I (0.15); T (0.09)
184, conserved (K), 0.408, 0.391, 0.017, , , K (0.48); R (0.11); Q (0.07), K (0.49); M (0.05); G (0.04)
185, conserved (G), 0.345, 0.334, 0.010, , , G (0.65); N (0.05), G (0.47); E (0.07); H (0.05)
186, conserved (V), 0.587, 0.539, 0.048, , , V (0.42); M (0.12); I (0.10), V (0.20); Q (0.15); I (0.13)
187, conserved (G), 0.394, 0.372, 0.022, , , G (0.56); A (0.09), G (0.39); A (0.17); V (0.04)
188, conserved (T), 0.396, 0.395, 0.001, , , T (0.41); A (0.06); P (0.05), T (0.39); S (0.15); A (0.07)
189, conserved (M), 0.528, 0.496, 0.032, , , M (0.37); I (0.09); H (0.09), C (0.22); M (0.14); L (0.13)
190, conserved (V), 0.536, 0.483, 0.053, , , V (0.35); A (0.32), V (0.19); A (0.15); G (0.13)
191, conserved (M), 0.444, 0.437, 0.007, , , M (0.28); L (0.25); Q (0.14), M (0.33); L (0.17); Y (0.06)
192, conserved (E), 0.367, 0.352, 0.015, , , E (0.51); D (0.06); W (0.06), E (0.42); Y (0.05); N (0.05)
193, conserved (L), 0.615, 0.575, 0.039, , , L (0.46); Q (0.12); I (0.07), L (0.18); M (0.11); S (0.11)
194, variable (V / I), 0.621, 0.522, 0.099, , *, M (0.24); V (0.19); T (0.15), I (0.27); V (0.19); C (0.07)
195, conserved (R), 0.365, 0.333, 0.032, , , R (0.64); V (0.07), R (0.48); T (0.04); K (0.04)
196, conserved (M), 0.433, 0.401, 0.032, , , M (0.43); L (0.15); E (0.06), M (0.31); Q (0.17); G (0.05)
197, conserved (I), 0.546, 0.500, 0.046, , , I (0.44); G (0.15); V (0.08), I (0.27); V (0.10); T (0.10)
198, conserved (K), 0.459, 0.445, 0.014, , , K (0.40); R (0.18); N (0.05), K (0.41); S (0.06); Q (0.05)
199, conserved (R), 0.451, 0.440, 0.011, , , R (0.39); Q (0.14); F (0.06), R (0.42); Y (0.06); M (0.05)
200, conserved (G), 0.370, 0.355, 0.014, , , G (0.48); S (0.10); E (0.06), G (0.46); T (0.09); E (0.05)
201, conserved (I), 0.656, 0.577, 0.079, , *, Q (0.20); L (0.19); H (0.17), I (0.26); L (0.11); V (0.11)
202, conserved (N), 0.579, 0.537, 0.043, , , A (0.30); N (0.27); Q (0.11), N (0.20); L (0.11); Y (0.08)
203, conserved (D), 0.364, 0.362, 0.002, , , D (0.58); H (0.11), D (0.57); K (0.05); E (0.04)
204, conserved (R), 0.363, 0.291, 0.072, , , R (0.76), R (0.52); F (0.04); C (0.04)
205, conserved (N), 0.513, 0.465, 0.048, , , N (0.48); K (0.14); G (0.06), C (0.20); N (0.20); Y (0.09)
206, conserved (F), 0.406, 0.414, -0.008, , , F (0.50); S (0.08); Q (0.05), F (0.39); I (0.06); Y (0.06)
207, conserved (W), 0.389, 0.376, 0.012, , , W (0.66), W (0.43); F (0.20); Y (0.06)
208, conserved (R), 0.366, 0.353, 0.013, , , R (0.67), R (0.56); K (0.08); M (0.05)
209, conserved (G), 0.407, 0.407, 0.000, , , G (0.56); F (0.06); C (0.05), G (0.42); N (0.06); Y (0.06)
210, conserved (E), 0.427, 0.430, -0.003, , , E (0.55); D (0.11), E (0.36); D (0.15); C (0.06)
211, conserved (N), 0.679, 0.660, 0.019, , , N (0.27); C (0.19); F (0.08), L (0.13); C (0.10); M (0.10)
212, conserved (G), 0.379, 0.339, 0.040, , , G (0.60); T (0.06), G (0.40); M (0.06); A (0.05)
213, conserved (R), 0.365, 0.370, -0.005, , , R (0.56); M (0.09), R (0.49); M (0.06); T (0.04)
214, conserved (K), 0.554, 0.508, 0.046, , , K (0.27); M (0.12); V (0.11), K (0.17); H (0.17); R (0.10)
215, conserved (T), 0.606, 0.523, 0.083, , *, A (0.44); T (0.21), T (0.22); G (0.18); S (0.12)
216, conserved (R), 0.410, 0.395, 0.015, , , R (0.47); C (0.07); Q (0.05), R (0.40); K (0.08); T (0.06)
217, variable (I / S), 0.655, 0.535, 0.120, , *, G (0.32); I (0.15); A (0.08), T (0.13); S (0.11); N (0.10)
218, conserved (A), 0.494, 0.454, 0.041, , , A (0.39); F (0.11); T (0.09), S (0.23); A (0.21); T (0.17)
219, conserved (Y), 0.440, 0.438, 0.002, , , Y (0.41); W (0.11); L (0.08), Y (0.31); T (0.08); L (0.08)
220, conserved (E), 0.469, 0.377, 0.092, , *, E (0.32); T (0.06); D (0.05), E (0.27); D (0.14); G (0.07)
221, conserved (R), 0.410, 0.406, 0.003, , , R (0.36); S (0.13); K (0.12), R (0.38); K (0.18); E (0.05)
222, conserved (M), 0.688, 0.632, 0.056, , , M (0.30); Q (0.25); E (0.06), Y (0.15); F (0.11); G (0.10)
223, conserved (C), 0.435, 0.347, 0.087, , *, C (0.43); R (0.05); W (0.05), C (0.14); A (0.09); T (0.09)
224, conserved (N), 0.578, 0.569, 0.009, , , Q (0.18); N (0.16); S (0.15), N (0.21); M (0.08); K (0.07)
225, conserved (I), 0.544, 0.539, 0.005, , , I (0.26); Q (0.15); G (0.08), L (0.14); I (0.14); V (0.13)
226, conserved (L), 0.381, 0.359, 0.022, , , L (0.38); V (0.10); T (0.08), L (0.26); S (0.09); Q (0.05)
227, conserved (K), 0.389, 0.362, 0.027, , , K (0.42); S (0.09); Y (0.07), K (0.36); Q (0.06); E (0.05)
228, conserved (G), 0.588, 0.487, 0.101, , *, T (0.36); G (0.17); V (0.10), G (0.28); E (0.06); C (0.06)
229, conserved (K), 0.366, 0.361, 0.005, , , K (0.51); Q (0.08); N (0.07), K (0.42); N (0.06); H (0.06)
230, conserved (F), 0.560, 0.493, 0.068, , , F (0.47); C (0.16); L (0.07), F (0.30); L (0.14); W (0.09)
231, conserved (Q), 0.629, 0.669, -0.041, , , R (0.24); H (0.11); A (0.10), Q (0.15); M (0.11); R (0.09)
232, conserved (T), 0.598, 0.624, -0.027, , , T (0.25); K (0.18); N (0.10), T (0.14); H (0.13); K (0.13)
233, conserved (A), 0.570, 0.564, 0.005, , , A (0.36); P (0.18); I (0.14), T (0.21); P (0.19); A (0.15)
234, conserved (A), 0.593, 0.605, -0.012, , , A (0.22); G (0.18); S (0.16), A (0.21); P (0.19); D (0.10)
235, conserved (Q), 0.552, 0.509, 0.042, , , Q (0.50); M (0.12); H (0.07), Q (0.32); C (0.13); L (0.06)
236, variable (K / R), 0.508, 0.462, 0.045, , , K (0.42); R (0.11); C (0.08), R (0.33); K (0.24); E (0.04)
237, conserved (A), 0.484, 0.481, 0.003, , , A (0.44); M (0.10); S (0.08), A (0.24); G (0.14); M (0.12)
238, conserved (M), 0.498, 0.485, 0.013, , , M (0.40); Q (0.15); L (0.09), M (0.25); L (0.15); A (0.12)
239, conserved (M), 0.554, 0.531, 0.023, , , M (0.28); T (0.24); V (0.21), M (0.21); V (0.18); A (0.13)
240, conserved (D), 0.456, 0.408, 0.048, , , D (0.52); V (0.11); E (0.05), D (0.25); E (0.14); Q (0.10)
241, conserved (Q), 0.327, 0.309, 0.018, , , Q (0.63); K (0.06), Q (0.54); I (0.04); F (0.04)
242, conserved (V), 0.548, 0.515, 0.032, , , V (0.42); T (0.17); C (0.08), V (0.30); M (0.13); C (0.08)
243, conserved (R), 0.499, 0.414, 0.085, , *, R (0.44); S (0.15); C (0.06), R (0.29); K (0.25); M (0.05)
244, conserved (E), 0.381, 0.354, 0.028, , , E (0.58); V (0.07); G (0.05), E (0.41); D (0.11); V (0.06)
245, conserved (S), 0.567, 0.529, 0.038, , , S (0.40); A (0.15); T (0.11), G (0.23); S (0.19); P (0.18)
246, conserved (R), 0.512, 0.495, 0.017, , , R (0.39); K (0.22); M (0.08), R (0.31); K (0.14); Y (0.09)
247, conserved (N), 0.729, 0.674, 0.055, , , L (0.34); V (0.17); N (0.09), C (0.17); S (0.14); N (0.13)
248, conserved (P), 0.578, 0.461, 0.117, , *, P (0.66), P (0.21); C (0.18); A (0.09)
249, conserved (G), 0.349, 0.336, 0.014, , , G (0.57); E (0.06); A (0.04), G (0.42); Q (0.05); C (0.05)
250, conserved (N), 0.605, 0.569, 0.035, , , T (0.28); N (0.16); W (0.16), N (0.30); M (0.06); A (0.06)
251, conserved (A), 0.438, 0.437, 0.001, , , A (0.42); V (0.11); I (0.08), A (0.28); L (0.15); V (0.07)
252, conserved (E), 0.407, 0.369, 0.039, , , E (0.43); D (0.15); Q (0.08), E (0.48); V (0.06); N (0.05)
253, variable (F / I), 0.651, 0.459, 0.192, *, *, F (0.38); L (0.14); V (0.08), I (0.31); Q (0.08); M (0.07)
254, conserved (E), 0.363, 0.245, 0.117, , *, E (0.55); D (0.05); K (0.04), E (0.24); Q (0.07); F (0.06)
255, conserved (D), 0.328, 0.296, 0.032, , , D (0.59); N (0.05); E (0.05), D (0.44); N (0.06); Y (0.06)
256, conserved (L), 0.535, 0.515, 0.020, , , L (0.42); V (0.08); I (0.08), L (0.27); C (0.13); M (0.12)
257, variable (T / I), 0.671, 0.465, 0.206, *, *, T (0.25); V (0.13); N (0.13), L (0.32); I (0.17); F (0.09)
258, conserved (F), 0.362, 0.341, 0.021, , , F (0.59); E (0.06); I (0.05), F (0.48); L (0.05); Y (0.05)
259, conserved (L), 0.576, 0.577, -0.001, , , L (0.49); V (0.21), L (0.26); V (0.15); A (0.08)
260, conserved (A), 0.575, 0.549, 0.027, , , S (0.24); V (0.21); T (0.12), A (0.28); V (0.11); S (0.11)
261, conserved (R), 0.271, 0.241, 0.030, , , R (0.56); P (0.04); K (0.04), R (0.41); K (0.09); Q (0.05)
262, conserved (S), 0.438, 0.409, 0.028, , , S (0.44); C (0.07); A (0.05), S (0.33); A (0.10); G (0.08)
263, conserved (A), 0.572, 0.525, 0.047, , , A (0.44); G (0.16); C (0.09), T (0.23); C (0.19); A (0.18)
264, conserved (L), 0.533, 0.498, 0.035, , , L (0.43); M (0.16); C (0.10), L (0.23); Q (0.11); M (0.10)
265, conserved (I), 0.546, 0.478, 0.068, , , I (0.44); V (0.20); C (0.06), L (0.20); I (0.16); V (0.14)
266, conserved (L), 0.481, 0.503, -0.022, , , L (0.27); I (0.15); V (0.12), L (0.18); I (0.17); V (0.17)
267, conserved (R), 0.549, 0.422, 0.127, , *, R (0.51); H (0.12); L (0.07), K (0.39); R (0.27)
268, conserved (G), 0.577, 0.527, 0.050, , , G (0.22); P (0.22); Q (0.13), S (0.24); V (0.13); G (0.12)
269, conserved (S), 0.473, 0.478, -0.006, , , S (0.25); C (0.13); Q (0.11), S (0.25); A (0.10); T (0.08)
270, conserved (V), 0.550, 0.503, 0.048, , , T (0.27); V (0.14); I (0.09), V (0.24); Q (0.10); T (0.06)
271, conserved (A), 0.703, 0.663, 0.040, , , N (0.33); G (0.31); A (0.13), A (0.29); G (0.16); S (0.05)
272, conserved (H), 0.275, 0.222, 0.054, , , H (0.69), H (0.52); Q (0.07); Y (0.04)
273, conserved (K), 0.269, 0.231, 0.038, , , K (0.72), K (0.54); N (0.06); I (0.04)
274, conserved (S), 0.459, 0.444, 0.015, , , S (0.36); G (0.19); T (0.17), S (0.39); T (0.12); N (0.05)
275, conserved (C), 0.538, 0.474, 0.063, , , S (0.31); C (0.21); V (0.14), C (0.31); I (0.07); A (0.07)
276, conserved (L), 0.537, 0.547, -0.009, , , L (0.21); C (0.13); M (0.12), L (0.23); M (0.08); K (0.07)
277, conserved (P), 0.376, 0.340, 0.036, , , P (0.49); C (0.08); T (0.07), P (0.37); C (0.05); T (0.05)
278, conserved (A), 0.530, 0.563, -0.032, , , A (0.24); S (0.12); M (0.12), A (0.25); G (0.12); C (0.07)
279, conserved (C), 0.520, 0.509, 0.011, , , C (0.23); S (0.17); M (0.16), C (0.33); L (0.06); A (0.06)
280, conserved (V), 0.574, 0.520, 0.054, , , C (0.26); I (0.18); T (0.17), I (0.21); V (0.16); M (0.13)
281, conserved (Y), 0.394, 0.375, 0.018, , , Y (0.53); A (0.06); R (0.05), Y (0.36); E (0.06); A (0.05)
282, conserved (G), 0.495, 0.478, 0.017, , , G (0.29); A (0.17); S (0.13), G (0.33); A (0.14); S (0.05)
283, conserved (P), 0.619, 0.612, 0.006, , , C (0.24); Q (0.13); G (0.11), G (0.12); A (0.09); Q (0.09)
284, conserved (A), 0.772, 0.749, 0.023, , , T (0.28); L (0.26); A (0.10), R (0.15); A (0.08); Y (0.08)
285, conserved (V), 0.560, 0.561, -0.001, , , V (0.17); L (0.14); E (0.09), V (0.24); C (0.11); H (0.08)
286, conserved (A), 0.519, 0.495, 0.024, , , A (0.25); G (0.14); I (0.09), A (0.17); W (0.10); G (0.09)
287, conserved (S), 0.517, 0.490, 0.027, , , R (0.37); S (0.11); M (0.07), R (0.16); S (0.10); N (0.09)
288, conserved (G), 0.541, 0.529, 0.012, , , G (0.34); A (0.11); V (0.10), G (0.23); R (0.12); A (0.06)
289, conserved (Y), 0.688, 0.662, 0.025, , , V (0.32); Y (0.08); I (0.08), H (0.21); I (0.11); L (0.07)
290, conserved (D), 0.473, 0.478, -0.005, , , D (0.25); P (0.11); T (0.09), D (0.24); P (0.09); E (0.07)
291, conserved (F), 0.569, 0.565, 0.004, , , F (0.22); M (0.15); P (0.10), F (0.27); S (0.07); C (0.07)
292, conserved (E), 0.635, 0.661, -0.025, , , L (0.17); E (0.14); K (0.11), L (0.09); E (0.08); C (0.07)
293, variable (R / K), 0.675, 0.652, 0.023, , , Y (0.15); R (0.13); V (0.12), H (0.17); K (0.15); S (0.09)
294, conserved (E), 0.646, 0.621, 0.026, , , D (0.20); N (0.15); F (0.13), N (0.14); Q (0.10); T (0.07)
295, conserved (G), 0.295, 0.251, 0.045, , , G (0.55); E (0.05); R (0.04), G (0.37); D (0.06); W (0.05)
296, conserved (Y), 0.542, 0.500, 0.042, , , Y (0.25); H (0.20); N (0.10), Y (0.35); A (0.09); F (0.05)
297, conserved (S), 0.446, 0.420, 0.027, , , S (0.39); A (0.15); R (0.08), S (0.43); T (0.13); F (0.05)
298, conserved (L), 0.317, 0.300, 0.017, , , L (0.58); M (0.06); Q (0.05), L (0.50); F (0.05); M (0.05)
299, conserved (V), 0.431, 0.400, 0.031, , , V (0.47); T (0.07); I (0.04), V (0.42); N (0.07); M (0.07)
300, conserved (G), 0.471, 0.476, -0.005, , , G (0.35); H (0.17); S (0.11), G (0.48); S (0.07); E (0.04)
301, conserved (I), 0.565, 0.573, -0.008, , , I (0.21); H (0.15); T (0.09), I (0.18); R (0.10); L (0.09)
302, conserved (D), 0.610, 0.638, -0.028, , , P (0.21); D (0.18); H (0.10), Q (0.13); A (0.12); D (0.12)
303, conserved (P), 0.528, 0.527, 0.001, , , P (0.31); T (0.17); S (0.12), P (0.36); A (0.11); C (0.05)
304, conserved (F), 0.624, 0.528, 0.096, , *, W (0.32); F (0.28); C (0.07), F (0.24); V (0.12); I (0.11)
305, variable (R / K), 0.570, 0.572, -0.003, , , K (0.20); R (0.15); T (0.13), K (0.26); R (0.14); Q (0.08)
306, conserved (L), 0.563, 0.570, -0.007, , , Q (0.15); V (0.14); L (0.13), L (0.21); Q (0.16); R (0.07)
307, conserved (L), 0.568, 0.566, 0.001, , , L (0.46); A (0.16); F (0.08), L (0.27); Q (0.18); C (0.09)
308, conserved (Q), 0.741, 0.709, 0.031, , , K (0.22); M (0.13); Q (0.10), C (0.14); H (0.11); I (0.10)
309, conserved (N), 0.583, 0.581, 0.002, , , R (0.13); N (0.12); K (0.11), R (0.15); T (0.11); K (0.10)
310, conserved (S), 0.654, 0.616, 0.038, , , C (0.30); S (0.12); M (0.09), A (0.20); C (0.17); Y (0.10)
311, conserved (Q), 0.652, 0.607, 0.045, , , G (0.24); V (0.18); R (0.12), R (0.22); S (0.18); N (0.14)
312, conserved (V), 0.616, 0.603, 0.013, , , V (0.24); T (0.21); M (0.15), V (0.18); M (0.13); I (0.13)
313, conserved (Y), 0.491, 0.468, 0.023, , , Y (0.26); S (0.18); L (0.11), Y (0.37); H (0.06); Q (0.05)
314, conserved (S), 0.519, 0.500, 0.020, , , S (0.36); G (0.28); C (0.06), S (0.27); C (0.17); T (0.09)
315, conserved (L), 0.677, 0.632, 0.045, , , V (0.28); F (0.25); L (0.19), L (0.31); I (0.13); M (0.10)
316, conserved (I), 0.501, 0.510, -0.008, , , I (0.23); C (0.11); L (0.10), I (0.25); L (0.17); C (0.12)
317, conserved (R), 0.336, 0.293, 0.043, , , R (0.69), R (0.52); D (0.05); K (0.05)
318, conserved (P), 0.621, 0.639, -0.018, , , P (0.14); W (0.11); K (0.10), P (0.16); H (0.10); S (0.08)
319, conserved (N), 0.696, 0.664, 0.031, , , D (0.31); L (0.13); N (0.10), N (0.13); Q (0.10); R (0.10)
320, conserved (E), 0.362, 0.347, 0.015, , , E (0.60); D (0.12), E (0.50); D (0.04); K (0.04)
321, conserved (N), 0.650, 0.634, 0.016, , , N (0.19); I (0.18); C (0.10), N (0.21); K (0.16); R (0.14)
322, conserved (P), 0.435, 0.424, 0.011, , , P (0.41); S (0.14); M (0.06), P (0.32); T (0.10); A (0.08)
323, conserved (A), 0.564, 0.543, 0.020, , , A (0.23); G (0.20); H (0.09), A (0.15); N (0.10); H (0.09)
324, conserved (H), 0.364, 0.349, 0.016, , , H (0.52); A (0.07); N (0.04), H (0.42); Q (0.08); D (0.05)
325, conserved (K), 0.243, 0.232, 0.011, , , K (0.65); M (0.04), K (0.50); Q (0.04); W (0.04)
326, conserved (S), 0.415, 0.332, 0.083, , *, S (0.51); G (0.12); N (0.05), S (0.28); N (0.08); R (0.06)
327, conserved (Q), 0.451, 0.460, -0.008, , , Q (0.35); L (0.10); C (0.10), Q (0.37); L (0.09); D (0.05)
328, conserved (L), 0.553, 0.558, -0.005, , , L (0.31); M (0.19); V (0.14), L (0.33); I (0.16); M (0.09)
329, conserved (V), 0.625, 0.596, 0.028, , , L (0.26); I (0.23); T (0.17), V (0.33); I (0.16); M (0.10)
330, conserved (W), 0.558, 0.486, 0.071, , , W (0.43); Y (0.24), W (0.46); D (0.09); S (0.04)
331, conserved (M), 0.417, 0.422, -0.004, , , M (0.37); L (0.21); I (0.14), M (0.36); L (0.15); I (0.07)
332, conserved (A), 0.514, 0.442, 0.072, , , A (0.37); G (0.29), A (0.39); S (0.09); T (0.06)
333, conserved (C), 0.591, 0.621, -0.030, , , M (0.20); T (0.18); C (0.17), C (0.27); A (0.15); M (0.11)
334, variable (H / N), 0.584, 0.570, 0.014, , , H (0.38); Q (0.18); C (0.10), H (0.23); C (0.22); N (0.13)
335, conserved (S), 0.651, 0.592, 0.060, , , A (0.34); Q (0.20); S (0.11), S (0.35); A (0.13); C (0.12)
336, conserved (A), 0.608, 0.511, 0.097, , *, A (0.35); G (0.24); C (0.11), L (0.30); A (0.20); G (0.11)
337, conserved (A), 0.557, 0.527, 0.030, , , A (0.31); P (0.21); I (0.14), A (0.34); C (0.09); G (0.05)
338, conserved (F), 0.690, 0.667, 0.023, , , C (0.27); F (0.19); M (0.15), F (0.26); Q (0.14); A (0.05)
339, conserved (E), 0.353, 0.263, 0.090, , *, E (0.68), E (0.39); D (0.23); K (0.06)
340, conserved (D), 0.429, 0.401, 0.028, , , D (0.50); S (0.14); V (0.06), D (0.37); S (0.09); N (0.06)
341, conserved (L), 0.505, 0.420, 0.085, , *, L (0.43); I (0.16); T (0.12), L (0.25); I (0.11); V (0.08)
342, conserved (R), 0.603, 0.580, 0.023, , , R (0.24); K (0.18); W (0.14), R (0.25); G (0.13); Q (0.11)
343, conserved (V), 0.562, 0.538, 0.025, , , V (0.27); L (0.22); T (0.20), I (0.21); V (0.20); L (0.15)
344, conserved (L), 0.396, 0.410, -0.015, , , L (0.51); Y (0.07); T (0.06), L (0.37); M (0.07); T (0.06)
345, conserved (S), 0.482, 0.484, -0.001, , , S (0.35); T (0.25); D (0.10), S (0.31); T (0.13); G (0.09)
346, conserved (F), 0.643, 0.634, 0.009, , , T (0.21); A (0.19); F (0.18), F (0.20); M (0.15); V (0.09)
347, conserved (I), 0.483, 0.481, 0.002, , , I (0.44); V (0.16); T (0.05), I (0.27); W (0.11); L (0.09)
348, variable (K / R), 0.523, 0.394, 0.129, , *, K (0.28); R (0.20); A (0.13), R (0.44); H (0.07); K (0.05)
349, conserved (G), 0.470, 0.454, 0.016, , , G (0.47); A (0.18), G (0.39); L (0.07); H (0.06)
350, conserved (T), 0.629, 0.600, 0.029, , , A (0.20); T (0.15); R (0.15), M (0.13); G (0.11); A (0.10)
351, conserved (K), 0.527, 0.516, 0.011, , , K (0.32); I (0.10); C (0.06), K (0.35); F (0.09); Q (0.05)
352, conserved (V), 0.546, 0.465, 0.081, , *, V (0.24); T (0.23); C (0.12), V (0.34); L (0.12); I (0.06)
353, variable (L / S), 0.816, 0.751, 0.065, , , Q (0.34); H (0.22); R (0.15), R (0.12); P (0.11); W (0.08)
354, conserved (P), 0.551, 0.543, 0.008, , , P (0.27); V (0.14); R (0.12), P (0.31); R (0.12); A (0.09)
355, conserved (R), 0.445, 0.241, 0.204, *, *, R (0.69), R (0.30); L (0.08); K (0.07)
356, conserved (G), 0.393, 0.328, 0.064, , , G (0.44); C (0.10); A (0.09), G (0.39); R (0.05); K (0.05)
357, conserved (K), 0.645, 0.535, 0.110, , *, S (0.31); K (0.18); F (0.15), K (0.37); N (0.08); H (0.06)
358, conserved (L), 0.422, 0.427, -0.005, , , L (0.42); M (0.19); I (0.05), L (0.41); T (0.06); I (0.05)
359, conserved (S), 0.677, 0.651, 0.025, , , K (0.17); T (0.15); S (0.12), Q (0.16); R (0.15); K (0.11)
360, conserved (T), 0.427, 0.411, 0.015, , , T (0.48); S (0.10); I (0.05), T (0.33); V (0.12); C (0.12)
361, conserved (R), 0.401, 0.376, 0.025, , , R (0.64); C (0.06), R (0.54); V (0.07); L (0.05)
362, conserved (G), 0.298, 0.286, 0.012, , , G (0.61); D (0.05), G (0.51); D (0.08); E (0.04)
363, conserved (V), 0.579, 0.548, 0.031, , , V (0.32); P (0.20); C (0.12), V (0.22); I (0.20); L (0.15)
364, conserved (Q), 0.608, 0.583, 0.025, , , Q (0.29); T (0.08); C (0.07), M (0.31); Q (0.13); F (0.08)
365, conserved (I), 0.468, 0.427, 0.042, , , I (0.39); V (0.13); S (0.07), I (0.32); L (0.20); M (0.06)
366, conserved (A), 0.426, 0.388, 0.038, , , A (0.40); G (0.26), A (0.43); S (0.11); G (0.08)
367, conserved (S), 0.518, 0.520, -0.002, , , S (0.29); A (0.15); T (0.08), S (0.19); T (0.11); H (0.10)
368, conserved (N), 0.615, 0.628, -0.013, , , V (0.20); T (0.16); N (0.14), N (0.14); T (0.11); M (0.08)
369, conserved (E), 0.416, 0.360, 0.055, , , E (0.51); D (0.04); Q (0.04), E (0.38); H (0.07); P (0.06)
370, conserved (N), 0.616, 0.589, 0.026, , , N (0.23); G (0.19); Y (0.11), Q (0.18); N (0.12); P (0.08)
371, conserved (M), 0.671, 0.677, -0.006, , , I (0.27); P (0.12); N (0.12), C (0.19); M (0.16); I (0.14)
372, variable (E / D), 0.569, 0.443, 0.127, , *, E (0.37); T (0.11); V (0.06), D (0.28); E (0.13); N (0.09)
373, variable (T / A), 0.655, 0.662, -0.007, , , R (0.16); T (0.16); V (0.12), F (0.11); A (0.10); N (0.09)
374, conserved (M), 0.525, 0.520, 0.005, , , M (0.30); I (0.12); Y (0.09), M (0.24); I (0.14); C (0.11)
375, conserved (E), 0.517, 0.478, 0.039, , , E (0.26); Q (0.12); L (0.09), E (0.23); D (0.09); L (0.07)
376, conserved (S), 0.554, 0.559, -0.005, , , S (0.23); M (0.15); N (0.13), S (0.22); V (0.12); G (0.12)
377, conserved (S), 0.566, 0.563, 0.004, , , S (0.31); F (0.13); C (0.10), S (0.15); M (0.11); H (0.10)
378, conserved (T), 0.536, 0.517, 0.019, , , R (0.39); T (0.18); S (0.13), T (0.21); S (0.15); R (0.12)
379, conserved (L), 0.598, 0.543, 0.055, , , M (0.58); L (0.17), L (0.28); M (0.16); V (0.11)
380, conserved (E), 0.499, 0.504, -0.005, , , E (0.35); C (0.17); Q (0.17), E (0.39); Q (0.10); W (0.06)
381, conserved (L), 0.555, 0.534, 0.021, , , L (0.48); T (0.11); C (0.07), L (0.31); T (0.15); Q (0.07)
382, conserved (R), 0.406, 0.393, 0.013, , , R (0.58); Y (0.07); D (0.05), R (0.41); N (0.20); C (0.04)
383, conserved (S), 0.492, 0.452, 0.040, , , S (0.51); T (0.07); G (0.05), S (0.26); T (0.11); A (0.10)
384, conserved (R), 0.610, 0.556, 0.055, , , M (0.25); R (0.25); L (0.07), R (0.24); K (0.22); C (0.06)
385, conserved (Y), 0.567, 0.569, -0.001, , , Y (0.28); H (0.10); Q (0.08), Y (0.29); F (0.10); P (0.09)
386, conserved (W), 0.446, 0.438, 0.008, , , W (0.40); S (0.19); L (0.04), W (0.45); H (0.05); F (0.05)
387, conserved (A), 0.494, 0.502, -0.008, , , A (0.31); S (0.30); G (0.11), A (0.41); G (0.16); S (0.08)
388, conserved (I), 0.429, 0.348, 0.081, , *, I (0.41); M (0.14); L (0.07), I (0.48); K (0.13); D (0.05)
389, conserved (R), 0.407, 0.399, 0.008, , , R (0.48); K (0.17), R (0.52); K (0.09); A (0.06)
390, conserved (T), 0.382, 0.349, 0.033, , , T (0.54); S (0.11); Y (0.06), T (0.59); S (0.06); N (0.04)
391, conserved (R), 0.367, 0.333, 0.034, , , R (0.49); Y (0.09); K (0.08), R (0.59); K (0.11)
392, conserved (S), 0.398, 0.381, 0.017, , , S (0.41); G (0.11); W (0.06), S (0.50); A (0.09); G (0.05)
393, conserved (G), 0.490, 0.515, -0.025, , , G (0.39); S (0.15); C (0.11), G (0.42); A (0.14); S (0.10)
394, conserved (G), 0.328, 0.335, -0.007, , , G (0.62); E (0.04), G (0.56); I (0.05); E (0.04)
395, conserved (N), 0.520, 0.517, 0.003, , , N (0.19); H (0.15); T (0.12), N (0.25); H (0.13); R (0.12)
396, conserved (T), 0.620, 0.589, 0.032, , , H (0.25); S (0.16); G (0.11), R (0.27); H (0.09); A (0.09)
397, conserved (N), 0.652, 0.608, 0.044, , , R (0.27); T (0.11); E (0.08), K (0.22); R (0.16); F (0.11)
398, conserved (Q), 0.709, 0.685, 0.024, , , A (0.22); I (0.19); M (0.14), R (0.31); K (0.17); Q (0.08)
399, conserved (Q), 0.639, 0.631, 0.008, , , Q (0.14); A (0.13); K (0.13), R (0.29); K (0.15); H (0.06)
400, conserved (R), 0.432, 0.433, -0.001, , , R (0.32); K (0.19); T (0.10), R (0.40); K (0.12); H (0.07)
401, conserved (A), 0.754, 0.599, 0.155, *, *, A (0.25); I (0.13); S (0.12), R (0.49); K (0.12); N (0.07)
402, conserved (S), 0.648, 0.580, 0.067, , , C (0.21); S (0.20); L (0.17), K (0.19); R (0.14); H (0.13)
403, conserved (A), 0.533, 0.533, -0.000, , , A (0.20); C (0.17); T (0.12), A (0.20); T (0.18); Q (0.09)
404, conserved (G), 0.526, 0.497, 0.029, , , G (0.32); C (0.14); N (0.10), G (0.27); A (0.14); S (0.12)
405, conserved (Q), 0.494, 0.430, 0.064, , , Q (0.70), Q (0.43); K (0.10); M (0.10)
406, conserved (I), 0.564, 0.534, 0.030, , , I (0.27); V (0.20); M (0.18), I (0.22); V (0.11); T (0.09)
407, conserved (S), 0.586, 0.464, 0.122, , *, S (0.56); A (0.24), S (0.22); C (0.18); A (0.09)
408, variable (I / V), 0.689, 0.440, 0.248, *, *, T (0.37); I (0.20); L (0.15), V (0.18); M (0.17); T (0.12)
409, conserved (Q), 0.610, 0.476, 0.134, , *, Q (0.36); I (0.20); V (0.11), T (0.15); A (0.13); C (0.12)
410, conserved (P), 0.543, 0.333, 0.210, *, *, P (0.68), A (0.43); P (0.22)
411, variable (T / A), 0.638, 0.397, 0.242, *, *, T (0.37); V (0.22); I (0.06), S (0.27); A (0.23); C (0.15)
412, conserved (F), 0.468, 0.370, 0.098, , *, F (0.64); S (0.05), F (0.32); L (0.17); M (0.17)
413, conserved (S), 0.401, 0.376, 0.025, , , S (0.36); V (0.09); T (0.07), S (0.51); R (0.05); T (0.04)
414, conserved (V), 0.566, 0.523, 0.043, , , V (0.39); I (0.28), V (0.24); C (0.15); L (0.13)
415, conserved (Q), 0.716, 0.566, 0.149, *, *, Q (0.43); E (0.08); A (0.08), S (0.24); A (0.10); L (0.09)
416, conserved (R), 0.364, 0.301, 0.063, , , R (0.70), R (0.47); H (0.08); K (0.06)
417, conserved (N), 0.668, 0.619, 0.049, , , D (0.13); C (0.13); V (0.12), H (0.12); R (0.11); L (0.10)
418, conserved (L), 0.559, 0.554, 0.004, , , L (0.36); V (0.14); M (0.11), M (0.33); L (0.16); V (0.14)
419, conserved (P), 0.584, 0.551, 0.033, , , P (0.20); L (0.18); S (0.15), P (0.31); V (0.13); A (0.08)
420, conserved (F), 0.605, 0.561, 0.044, , , F (0.33); C (0.14); H (0.13), Y (0.18); S (0.11); F (0.10)
421, conserved (D), 0.679, 0.606, 0.073, , , D (0.23); I (0.18); Y (0.11), H (0.13); V (0.13); A (0.11)
422, variable (R / K), 0.593, 0.521, 0.072, , , R (0.21); Y (0.21); V (0.14), R (0.20); A (0.10); H (0.08)
423, variable (T / P), 0.716, 0.663, 0.054, , , Q (0.31); N (0.20); P (0.09), R (0.20); G (0.12); K (0.10)
424, conserved (T), 0.614, 0.580, 0.034, , , T (0.30); V (0.19); C (0.13), H (0.12); T (0.11); L (0.11)
425, conserved (I), 0.576, 0.518, 0.058, , , I (0.49); T (0.12); V (0.10), C (0.22); V (0.21); I (0.19)
426, conserved (M), 0.620, 0.537, 0.084, , *, M (0.40); L (0.26), C (0.13); V (0.12); M (0.12)
427, conserved (A), 0.657, 0.582, 0.074, , , A (0.42); M (0.13); L (0.06), M (0.17); C (0.13); G (0.11)
428, conserved (A), 0.613, 0.535, 0.078, , *, A (0.24); V (0.22); M (0.15), T (0.17); C (0.15); A (0.13)
429, conserved (F), 0.530, 0.380, 0.150, *, *, F (0.57); Y (0.15), Y (0.52); F (0.19)
430, variable (N / T), 0.766, 0.712, 0.054, , , C (0.31); H (0.13); E (0.07), R (0.19); S (0.16); P (0.11)
431, conserved (G), 0.668, 0.540, 0.128, , *, S (0.29); V (0.20); G (0.14), Y (0.17); F (0.10); G (0.10)
432, conserved (N), 0.629, 0.616, 0.013, , , G (0.19); N (0.14); P (0.08), C (0.12); Q (0.09); T (0.08)
433, conserved (T), 0.622, 0.604, 0.018, , , T (0.15); V (0.14); N (0.11), I (0.13); L (0.13); T (0.08)
434, conserved (E), 0.574, 0.544, 0.030, , , E (0.21); H (0.15); D (0.13), E (0.18); S (0.15); Q (0.07)
435, conserved (G), 0.386, 0.370, 0.017, , , G (0.47); M (0.12); F (0.06), G (0.50); W (0.05); E (0.04)
436, conserved (R), 0.300, 0.275, 0.025, , , R (0.70), R (0.58); H (0.05); K (0.04)
437, conserved (T), 0.567, 0.509, 0.058, , , T (0.38); N (0.14); I (0.10), T (0.21); S (0.20); D (0.13)
438, conserved (S), 0.602, 0.457, 0.145, *, *, S (0.31); N (0.19); Q (0.16), N (0.20); G (0.20); H (0.15)
439, conserved (D), 0.619, 0.394, 0.225, *, *, D (0.62); E (0.08), D (0.36); I (0.30)
440, conserved (M), 0.621, 0.582, 0.039, , , M (0.39); V (0.17); Y (0.12), Y (0.29); M (0.15); A (0.07)
441, conserved (R), 0.392, 0.384, 0.008, , , R (0.55); H (0.06); W (0.04), R (0.39); H (0.11); Y (0.06)
442, variable (T / A), 0.552, 0.588, -0.036, , , V (0.19); S (0.17); I (0.15), T (0.25); S (0.14); I (0.12)
443, conserved (E), 0.375, 0.345, 0.030, , , E (0.55); D (0.06); C (0.05), E (0.37); D (0.13); N (0.11)
444, conserved (I), 0.502, 0.488, 0.015, , , I (0.36); V (0.09); L (0.07), I (0.23); C (0.13); V (0.13)
445, conserved (I), 0.483, 0.408, 0.075, , , I (0.37); V (0.28); L (0.09), I (0.36); A (0.10); V (0.09)
446, conserved (R), 0.604, 0.540, 0.064, , , R (0.25); G (0.08); A (0.06), E (0.20); D (0.18); R (0.07)
447, conserved (M), 0.625, 0.614, 0.010, , , M (0.19); I (0.16); C (0.15), M (0.12); F (0.11); I (0.10)
448, conserved (M), 0.514, 0.509, 0.004, , , M (0.36); T (0.20); K (0.07), M (0.30); L (0.13); I (0.09)
449, conserved (E), 0.503, 0.406, 0.098, , *, E (0.52); D (0.04); Q (0.04), E (0.27); T (0.11); N (0.10)
450, variable (S / G), 0.697, 0.616, 0.081, , *, Q (0.27); S (0.18); D (0.07), T (0.23); C (0.07); Y (0.07)
451, conserved (A), 0.729, 0.642, 0.087, , *, A (0.19); T (0.18); D (0.09), Y (0.15); G (0.14); N (0.09)
452, variable (R / K), 0.586, 0.576, 0.010, , , R (0.20); T (0.12); I (0.12), K (0.18); L (0.08); R (0.08)
453, conserved (P), 0.635, 0.642, -0.007, , , G (0.15); P (0.12); V (0.10), R (0.14); W (0.12); H (0.10)
454, conserved (E), 0.615, 0.520, 0.095, , *, E (0.29); N (0.10); F (0.06), L (0.13); A (0.12); V (0.09)
455, variable (D / E), 0.603, 0.520, 0.083, , *, L (0.21); Y (0.12); D (0.12), Q (0.11); C (0.09); G (0.08)
456, variable (V / M), 0.670, 0.587, 0.083, , *, S (0.20); V (0.17); M (0.16), R (0.20); G (0.10); W (0.09)
457, conserved (S), 0.585, 0.528, 0.057, , , S (0.33); A (0.12); T (0.10), S (0.20); G (0.11); Q (0.11)
458, conserved (F), 0.446, 0.400, 0.046, , , F (0.54); M (0.12), F (0.39); Y (0.15); W (0.10)
459, conserved (Q), 0.677, 0.607, 0.069, , , Q (0.16); W (0.10); H (0.10), R (0.26); G (0.11); K (0.09)
460, conserved (G), 0.589, 0.557, 0.031, , , G (0.41); R (0.26), R (0.21); G (0.15); A (0.13)
461, conserved (R), 0.448, 0.419, 0.029, , , R (0.52); K (0.21), R (0.53); A (0.07); Q (0.04)
462, conserved (G), 0.520, 0.363, 0.157, *, *, G (0.75), G (0.41); R (0.08); E (0.07)
463, conserved (V), 0.536, 0.454, 0.082, , *, V (0.43); A (0.08); G (0.06), V (0.25); I (0.20); C (0.08)
464, conserved (F), 0.455, 0.363, 0.092, , *, F (0.72), F (0.54); P (0.14)
465, conserved (E), 0.391, 0.365, 0.026, , , E (0.58); V (0.07), E (0.61); M (0.07)
466, conserved (L), 0.654, 0.536, 0.119, , *, L (0.33); F (0.20); A (0.09), H (0.15); W (0.15); Y (0.13)
467, conserved (S), 0.637, 0.643, -0.006, , , N (0.22); C (0.20); S (0.13), S (0.18); K (0.11); T (0.07)
468, conserved (D), 0.408, 0.350, 0.059, , , D (0.51); E (0.05); H (0.05), D (0.53); T (0.07); C (0.07)
469, conserved (E), 0.427, 0.396, 0.031, , , E (0.42); G (0.06); F (0.05), E (0.29); Q (0.14); A (0.07)
470, variable (K / R), 0.706, 0.260, 0.446, *, *, K (0.58); W (0.06); R (0.05), R (0.66)
471, conserved (A), 0.355, 0.292, 0.063, , , A (0.61); T (0.09), A (0.70)
472, conserved (A), 0.601, 0.613, -0.012, , , G (0.21); A (0.18); H (0.17), A (0.24); T (0.17); C (0.07)
473, variable (S / N), 0.771, 0.787, -0.016, , , V (0.30); S (0.10); I (0.09), R (0.17); Q (0.14); N (0.09)
474, conserved (P), 0.532, 0.493, 0.038, , , P (0.45); S (0.11); A (0.05), P (0.30); A (0.22); R (0.11)
475, conserved (I), 0.488, 0.451, 0.037, , , I (0.34); F (0.08); C (0.08), I (0.46); V (0.12); P (0.06)
476, conserved (V), 0.513, 0.480, 0.033, , , V (0.50); A (0.09); W (0.08), A (0.29); V (0.28); C (0.08)
477, conserved (P), 0.311, 0.288, 0.024, , , P (0.66), P (0.75)
478, conserved (S), 0.594, 0.585, 0.009, , , S (0.28); R (0.14); Y (0.11), S (0.24); Q (0.15); L (0.08)
479, conserved (F), 0.585, 0.551, 0.034, , , F (0.30); I (0.15); H (0.11), C (0.18); I (0.15); F (0.14)
480, conserved (D), 0.622, 0.559, 0.062, , , D (0.23); V (0.16); H (0.10), S (0.14); R (0.13); D (0.08)
481, conserved (M), 0.560, 0.534, 0.026, , , M (0.35); V (0.24); G (0.06), M (0.28); W (0.15); R (0.11)
482, conserved (S), 0.455, 0.400, 0.055, , , S (0.45); T (0.06); V (0.05), S (0.44); N (0.14); D (0.09)
483, conserved (N), 0.422, 0.395, 0.027, , , N (0.35); M (0.10); Y (0.07), N (0.31); K (0.21); I (0.07)
484, conserved (E), 0.639, 0.586, 0.053, , , E (0.26); M (0.13); N (0.11), V (0.20); E (0.15); P (0.13)
485, conserved (G), 0.702, 0.653, 0.049, , , W (0.37); G (0.24); C (0.09), R (0.26); G (0.13); F (0.11)
486, conserved (S), 0.367, 0.335, 0.032, , , S (0.51); Y (0.08); P (0.05), S (0.55); T (0.07); L (0.05)
487, conserved (Y), 0.232, 0.207, 0.025, , , Y (0.64); H (0.07), Y (0.61); K (0.05)
488, conserved (F), 0.250, 0.236, 0.014, , , F (0.63); S (0.04), F (0.66)
489, conserved (F), 0.445, 0.369, 0.077, , *, F (0.64); Y (0.07), F (0.51); Y (0.15)
490, conserved (G), 0.343, 0.345, -0.002, , , G (0.58); L (0.10), G (0.65)
491, conserved (D), 0.385, 0.399, -0.014, , , D (0.47); M (0.08); N (0.05), D (0.40); M (0.08); W (0.07)
492, conserved (N), 0.455, 0.459, -0.004, , , N (0.33); S (0.15); K (0.10), N (0.38); R (0.10); T (0.07)
493, conserved (A), 0.592, 0.536, 0.056, , , A (0.44); L (0.06); H (0.06), A (0.25); R (0.11); T (0.07)
494, conserved (E), 0.519, 0.545, -0.026, , , E (0.32); A (0.09); L (0.08), E (0.33); K (0.13); M (0.09)
495, conserved (E), 0.557, 0.532, 0.025, , , E (0.37); M (0.09); Q (0.09), E (0.21); D (0.12); N (0.09)
496, conserved (Y), 0.481, 0.470, 0.011, , , Y (0.36); F (0.16); C (0.09), F (0.25); Y (0.23); W (0.10)
497, conserved (D), 0.647, 0.655, -0.007, , , Y (0.27); L (0.22); D (0.09), M (0.14); N (0.14); V (0.12)
498, conserved (N), 0.648, 0.573, 0.075, , , I (0.26); Q (0.13); Y (0.11), K (0.31); R (0.17); N (0.08)
